{"Locations":[{"Id":884,"Provider":"gps","Longitude":120.8313,"Latitude":24.53091,"Accuracy":2.295547,"Altitude":0.0,"Speed":0.0,"Time":1726708108857,"DateTime":"2024-09-19T01:08:28.857"}],"NetworkLogs":[]}